Anna Akpe	https://www.linkedin.com/in/anna-akpe-24374b321
Byamukama nyansio	https://www.linkedin.com/in/byamukama-nyansio-46a485292
Celia Francis	https://www.linkedin.com/in/celiafrancis/
Emmanuel Renegade	https://www.linkedin.com/in/emmanuel-rengade-%F0%9F%8C%8E-9712441
Emmanuel URAMUTSE	https://www.linkedin.com/in/emmanuel-uramutse-b18a53219
Fadja Robert	https://www.linkedin.com/in/fadja-robert-carr-dha-5b0421154
Fred Ogden	https://www.linkedin.com/in/fred-l-ogden-03078273
Geodisio Castillo	https://www.linkedin.com/in/geodisio-castillo-52269728
Heraclio Herrera	https://www.linkedin.com/in/heraclio-herrera-r-b7b05531
Jennifer Koster	https://www.linkedin.com/in/jennifer-koster-a2b5331
Julia Lindley	https://www.linkedin.com/in/julialindley1
Kaluki Paul Mutuku	https://www.linkedin.com/in/kaluki-paul-mutuku%F0%9F%95%8A-2a8400105
Kathia Burillo	https://www.linkedin.com/in/kathia-burillo-r-a90a4576
Maxime Weidema	https://www.linkedin.com/in/maxime-weidema-82863239
Minot Weld	https://www.linkedin.com/in/minot-weld-921385223
Missy Lahren	https://www.linkedin.com/in/missy-lahren-earthlawyer
Mr. Kipilangat Kaura -TAWI	https://www.linkedin.com/in/kipilangat-kaura-2425702bb
Penny Heiple	https://www.linkedin.com/in/pennyheiple
Roberto Forte	https://www.linkedin.com/in/roberto-forte-ph-d-ba2b2121
Roberto Pedraza Ruiz	https://www.linkedin.com/in/roberto-pedraza-ruiz-281483166
Scott Schulte	https://www.linkedin.com/in/scott-schulte-6a75a97
Steffie Rijpkema	https://www.linkedin.com/in/steffie-rijpkema-49b457105
Theopista Abalo	https://www.linkedin.com/in/theopistaabalo35
nding'a ndikon	https://www.linkedin.com/in/nding-a-orkeyaroi-8a73081b7
